name, service
Barney, service provided 18
Gru, service provided 7
Dave, service provided 16
Fred, service provided 16
Mal, service provided 14
Kaylee, service provided 9
Barney, service provided 14
Fred, service provided 14
River, service provided 12
Barney, service provided 16
Mal, service provided 3
Dr. Nefario, service provided 17
River, service provided 17
Mal, service provided 9
Fluffy, service provided 17
Barney, service provided 8
Barney, service provided 13
Barney, service provided 6
Barney, service provided 9
Barney, service provided 10
Barney, service provided 9
Fred, service provided 13
Jayne, service provided 14
Barney, service provided 9
Mal, service provided 3
Dr. Nefario, service provided 14
Barney, service provided 13
Fred, service provided 17
Mal, service provided 3
Kaylee, service provided 8
Fred, service provided 1
River, service provided 14
Jayne, service provided 3
Fred, service provided 2
Jayne, service provided 14
Barney, service provided 16
Dr. Nefario, service provided 7
Barney, service provided 17
Barney, service provided 9
Gru, service provided 15
Kaylee, service provided 9
River, service provided 3
Kaylee, service provided 3
Fred, service provided 9
Mal, service provided 10
Jayne, service provided 14
Barney, service provided 18
Fred, service provided 2
River, service provided 15
Mal, service provided 3
Jayne, service provided 10
Kaylee, service provided 8
Dr. Nefario, service provided 15
Jayne, service provided 3
River, service provided 14
River, service provided 3
Kaylee, service provided 9
Jayne, service provided 9
Gru, service provided 17
Jayne, service provided 15
Barney, service provided 14
Fred, service provided 2
Fred, service provided 3
Gru, service provided 9
Jayne, service provided 18
Barney, service provided 13
Mal, service provided 14
Fluffy, service provided 9
Dr. Nefario, service provided 9
River, service provided 3
Barney, service provided 16
Gru, service provided 7
Fred, service provided 16
Gru, service provided 4
Dave, service provided 17
Barney, service provided 11
Gru, service provided 17
Kaylee, service provided 14
Kaylee, service provided 3
Fluffy, service provided 5
River, service provided 5
Fred, service provided 9
Jayne, service provided 13
Fred, service provided 10
River, service provided 14
Barney, service provided 16
Jayne, service provided 3
Kaylee, service provided 3
Fred, service provided 16
Barney, service provided 15
Kaylee, service provided 14
Barney, service provided 16
Fluffy, service provided 17
Mal, service provided 2
Kaylee, service provided 9
Fred, service provided 9
Jayne, service provided 9
Jayne, service provided 3
Barney, service provided 9
River, service provided 9
Mal, service provided 5
Barney, service provided 12
Barney, service provided 9
Barney, service provided 5
Fred, service provided 17
Kaylee, service provided 9
Kaylee, service provided 11
Gru, service provided 9
Mal, service provided 3
Jayne, service provided 14
River, service provided 3
Fluffy, service provided 7
Kaylee, service provided 9
River, service provided 3
River, service provided 9
Fred, service provided 9
Dr. Nefario, service provided 5
Barney, service provided 2
Dave, service provided 5
Barney, service provided 12
Barney, service provided 9
Barney, service provided 14
Barney, service provided 2
Mal, service provided 3
Dave, service provided 7
Kaylee, service provided 9
Gru, service provided 12
Gru, service provided 3
Jayne, service provided 9
Fred, service provided 9
Kaylee, service provided 3
Mal, service provided 3
Mal, service provided 3
Barney, service provided 9
Fluffy, service provided 2
Fred, service provided 14
Mal, service provided 14
Kaylee, service provided 9
Mal, service provided 9
Kaylee, service provided 9
Kaylee, service provided 14
River, service provided 3
Dave, service provided 17
Barney, service provided 11
River, service provided 5
Dr. Nefario, service provided 9
Jayne, service provided 9
Mal, service provided 14
Mal, service provided 14
River, service provided 14
Jayne, service provided 9
Jayne, service provided 3
Barney, service provided 17
Barney, service provided 15
Mal, service provided 3
Kaylee, service provided 9
River, service provided 3
Gru, service provided 9
Barney, service provided 2
Barney, service provided 14
Kaylee, service provided 14
Jayne, service provided 3
Fluffy, service provided 5
River, service provided 9
Kaylee, service provided 3
Mal, service provided 9
Fred, service provided 10
Dave, service provided 15
Fred, service provided 9
Mal, service provided 9
Barney, service provided 11
Barney, service provided 16
Dr. Nefario, service provided 14
Barney, service provided 13
River, service provided 14
Kaylee, service provided 3
Dr. Nefario, service provided 15
Kaylee, service provided 9
Fred, service provided 18
River, service provided 13
Jayne, service provided 3
River, service provided 16
River, service provided 9
Fred, service provided 3
Fred, service provided 13
Kaylee, service provided 3
River, service provided 5
Dave, service provided 9
Dave, service provided 8
Mal, service provided 14
Kaylee, service provided 9
Jayne, service provided 3
Jayne, service provided 15
Barney, service provided 6
Jayne, service provided 3
Fred, service provided 9
Barney, service provided 18
Barney, service provided 16
Mal, service provided 17
Kaylee, service provided 8
Fluffy, service provided 9
Mal, service provided 7
Kaylee, service provided 3
Kaylee, service provided 14
Gru, service provided 7
Jayne, service provided 10
Jayne, service provided 10
Gru, service provided 10
Mal, service provided 8
Fred, service provided 9
River, service provided 3
Fred, service provided 18
Jayne, service provided 3
Fred, service provided 17
Kaylee, service provided 15
River, service provided 14
Kaylee, service provided 14
Barney, service provided 13
Dr. Nefario, service provided 7
Dave, service provided 17
Dave, service provided 5
Mal, service provided 9
River, service provided 17
Jayne, service provided 10
Mal, service provided 9
Barney, service provided 14
Mal, service provided 9
Barney, service provided 16
Fluffy, service provided 14
Jayne, service provided 14
Mal, service provided 9
Kaylee, service provided 9
Mal, service provided 9
Fred, service provided 10
Barney, service provided 9
Gru, service provided 9
Fluffy, service provided 9
Kaylee, service provided 14
Fred, service provided 16
River, service provided 3
Fred, service provided 9
Mal, service provided 9
Jayne, service provided 9
Gru, service provided 6
Barney, service provided 16
Mal, service provided 3
River, service provided 9
Mal, service provided 3
River, service provided 9
Fluffy, service provided 6
Dr. Nefario, service provided 9
Barney, service provided 16
Jayne, service provided 9
Barney, service provided 15
Dave, service provided 6
River, service provided 9
Dr. Nefario, service provided 17
Dave, service provided 4
Fred, service provided 9
Mal, service provided 9
Barney, service provided 9
Fred, service provided 15
Fluffy, service provided 16
Gru, service provided 17
Barney, service provided 9
Fluffy, service provided 9
Kaylee, service provided 14
Dave, service provided 4
Dr. Nefario, service provided 1
Barney, service provided 9
Barney, service provided 9
Mal, service provided 9
Gru, service provided 16
Kaylee, service provided 3
Fred, service provided 8
Mal, service provided 14
Barney, service provided 1
Mal, service provided 14
Kaylee, service provided 9
Kaylee, service provided 3
Fred, service provided 6
River, service provided 10
Dave, service provided 9
Dave, service provided 17
Barney, service provided 13
Kaylee, service provided 9
Fred, service provided 5
Kaylee, service provided 3
Kaylee, service provided 14
Jayne, service provided 9
Fred, service provided 14
Barney, service provided 8
River, service provided 9
Mal, service provided 9
River, service provided 14
Dave, service provided 12
Mal, service provided 14
Kaylee, service provided 3
Kaylee, service provided 3
Kaylee, service provided 3
Fluffy, service provided 17
Barney, service provided 15
Gru, service provided 17
River, service provided 3
Dr. Nefario, service provided 4
River, service provided 9
Mal, service provided 15
Fred, service provided 6
River, service provided 3
River, service provided 14
River, service provided 9
Fred, service provided 15
Fluffy, service provided 8
Fred, service provided 11
Mal, service provided 9
Barney, service provided 9
Mal, service provided 14
Dave, service provided 9
River, service provided 14
Mal, service provided 9
Barney, service provided 12
Fred, service provided 9
Jayne, service provided 9
River, service provided 15
Mal, service provided 9
Mal, service provided 9
Gru, service provided 6
Dr. Nefario, service provided 8
Dr. Nefario, service provided 16
Mal, service provided 3
Jayne, service provided 3
Fred, service provided 9
Jayne, service provided 9
River, service provided 14
Barney, service provided 9
River, service provided 3
River, service provided 3
Jayne, service provided 3
Barney, service provided 6
Mal, service provided 14
Mal, service provided 9
Kaylee, service provided 14
Fred, service provided 9
Dr. Nefario, service provided 9
Kaylee, service provided 9
Kaylee, service provided 14
Mal, service provided 9
Jayne, service provided 2
Gru, service provided 16
Dave, service provided 9
River, service provided 3
River, service provided 10
Jayne, service provided 17
Barney, service provided 17
Dr. Nefario, service provided 17
Fred, service provided 9
Fred, service provided 13
River, service provided 17
River, service provided 9
Gru, service provided 5
Kaylee, service provided 9
Kaylee, service provided 13
Gru, service provided 2
Jayne, service provided 9
Fluffy, service provided 8
Gru, service provided 9
Jayne, service provided 14
Dave, service provided 16
Kaylee, service provided 7
Kaylee, service provided 11
Fred, service provided 9
Kaylee, service provided 7
River, service provided 3
Mal, service provided 3
Barney, service provided 2
Fred, service provided 13
Mal, service provided 14
Jayne, service provided 3
River, service provided 3
River, service provided 3
Jayne, service provided 14
Gru, service provided 14
Fluffy, service provided 13
Kaylee, service provided 3
Kaylee, service provided 5
Mal, service provided 14
Barney, service provided 15
Mal, service provided 14
River, service provided 14
Kaylee, service provided 14
Jayne, service provided 9
Barney, service provided 2
Fluffy, service provided 8
River, service provided 3
Fred, service provided 11
Kaylee, service provided 3
Jayne, service provided 9
Fred, service provided 9
Fred, service provided 9
Mal, service provided 17
Gru, service provided 9
Fluffy, service provided 17
Fred, service provided 13
Fluffy, service provided 13
River, service provided 3
Fred, service provided 9
Jayne, service provided 3
Gru, service provided 7
Barney, service provided 16
Jayne, service provided 14
Fluffy, service provided 9
Barney, service provided 18
Barney, service provided 9
Fred, service provided 8
Mal, service provided 14
Mal, service provided 3
Kaylee, service provided 9
Dave, service provided 14
Barney, service provided 5
Dave, service provided 12
River, service provided 17
Mal, service provided 3
Fred, service provided 13
Fred, service provided 18
Kaylee, service provided 3
Barney, service provided 16
River, service provided 14
Fluffy, service provided 17
Barney, service provided 2
Fluffy, service provided 12
Fred, service provided 13
Kaylee, service provided 3
Fluffy, service provided 8
Mal, service provided 14
Dr. Nefario, service provided 17
Fred, service provided 6
Fluffy, service provided 2
Fluffy, service provided 16
Barney, service provided 16
Kaylee, service provided 14
River, service provided 9
River, service provided 14
Kaylee, service provided 3
Dave, service provided 14
Mal, service provided 9
Mal, service provided 9
Gru, service provided 17
Barney, service provided 9
Mal, service provided 9
Jayne, service provided 9
Barney, service provided 17
Dave, service provided 17
Mal, service provided 8
Mal, service provided 9
River, service provided 3
Fred, service provided 9
Mal, service provided 15
Barney, service provided 5
Barney, service provided 11
Jayne, service provided 17
Mal, service provided 8
Dave, service provided 9
River, service provided 3
Mal, service provided 3
Kaylee, service provided 3
Mal, service provided 14
Fred, service provided 15
Kaylee, service provided 3
Dave, service provided 15
Jayne, service provided 14
Gru, service provided 9
Gru, service provided 14
Kaylee, service provided 13
Barney, service provided 16
Fred, service provided 9
Mal, service provided 15
Jayne, service provided 3
River, service provided 3
Fluffy, service provided 17
Dave, service provided 9
Barney, service provided 2
Dr. Nefario, service provided 12
Barney, service provided 15
Fluffy, service provided 9
Kaylee, service provided 17
Jayne, service provided 3
Fred, service provided 9
Jayne, service provided 3
Dave, service provided 17
Jayne, service provided 3
Fred, service provided 17
Barney, service provided 9
Mal, service provided 3
Barney, service provided 2
Kaylee, service provided 3
Barney, service provided 6
Barney, service provided 9
Barney, service provided 17
Gru, service provided 15
River, service provided 14
Jayne, service provided 3
Barney, service provided 12
Barney, service provided 10
Barney, service provided 9
Fluffy, service provided 17
Fred, service provided 8
Kaylee, service provided 3
Fred, service provided 9
Mal, service provided 14
Mal, service provided 8
Barney, service provided 2
Barney, service provided 9
River, service provided 3
River, service provided 14
Fluffy, service provided 15
Jayne, service provided 14
Kaylee, service provided 14
Barney, service provided 13
Mal, service provided 3
Mal, service provided 3
Barney, service provided 14
Jayne, service provided 2
Kaylee, service provided 14
Mal, service provided 3
Gru, service provided 16
Jayne, service provided 12
Barney, service provided 16
Barney, service provided 2
Jayne, service provided 14
Mal, service provided 3
River, service provided 14
River, service provided 14
Barney, service provided 11
Fred, service provided 2
Kaylee, service provided 9
Jayne, service provided 9
Gru, service provided 9
Mal, service provided 14
Kaylee, service provided 13
Dave, service provided 17
Kaylee, service provided 17
Fred, service provided 9
Jayne, service provided 14
Jayne, service provided 3
Barney, service provided 5
Mal, service provided 13
Dave, service provided 9
Jayne, service provided 2
Mal, service provided 3
Kaylee, service provided 9
Dave, service provided 9
Gru, service provided 9
Fred, service provided 13
Jayne, service provided 14
Dave, service provided 16
Dr. Nefario, service provided 9
Barney, service provided 16
River, service provided 3
Mal, service provided 3
Jayne, service provided 14
River, service provided 9
Kaylee, service provided 14
Mal, service provided 3
Fred, service provided 3
Jayne, service provided 5
Barney, service provided 6
River, service provided 9
Fred, service provided 9
Barney, service provided 16
Kaylee, service provided 3
River, service provided 14
Fred, service provided 15
Mal, service provided 14
Jayne, service provided 13
Fred, service provided 9
Gru, service provided 16
Fred, service provided 2
Dr. Nefario, service provided 15
Fluffy, service provided 6
Fred, service provided 9
Fluffy, service provided 9
Fred, service provided 18
River, service provided 14
Dr. Nefario, service provided 7
River, service provided 14
Dave, service provided 12
Barney, service provided 10
Fred, service provided 16
River, service provided 14
Fluffy, service provided 7
Fred, service provided 10
Dr. Nefario, service provided 9
Barney, service provided 9
Kaylee, service provided 11
Kaylee, service provided 15
Dr. Nefario, service provided 3
Barney, service provided 9
Kaylee, service provided 9
Kaylee, service provided 3
River, service provided 9
River, service provided 9
Gru, service provided 12
Barney, service provided 13
River, service provided 9
Kaylee, service provided 14
Gru, service provided 10
Fred, service provided 8
Dr. Nefario, service provided 9
Fluffy, service provided 9
Mal, service provided 14
Mal, service provided 9
Jayne, service provided 3
Fred, service provided 15
River, service provided 9
Gru, service provided 9
Fred, service provided 2
Dr. Nefario, service provided 9
Fred, service provided 14
River, service provided 15
Barney, service provided 9
Dr. Nefario, service provided 12
Mal, service provided 9
Barney, service provided 8
Jayne, service provided 9
Barney, service provided 16
Gru, service provided 17
River, service provided 3
Dr. Nefario, service provided 12
River, service provided 3
Fred, service provided 18
Mal, service provided 14
Kaylee, service provided 14
Fred, service provided 9
Kaylee, service provided 15
Kaylee, service provided 9
Jayne, service provided 1
Gru, service provided 8
Barney, service provided 9
Fred, service provided 14
Jayne, service provided 14
Mal, service provided 3
Kaylee, service provided 9
Mal, service provided 3
Dave, service provided 9
Barney, service provided 9
Gru, service provided 8
Kaylee, service provided 9
River, service provided 3
Mal, service provided 9
Barney, service provided 15
River, service provided 9
Fred, service provided 9
Mal, service provided 17
Dave, service provided 13
Jayne, service provided 3
Mal, service provided 9
Mal, service provided 10
Fred, service provided 1
River, service provided 14
River, service provided 9
Dr. Nefario, service provided 17
Barney, service provided 6
Kaylee, service provided 9
Mal, service provided 3
Kaylee, service provided 3
Fred, service provided 13
Mal, service provided 3
Fred, service provided 13
Dr. Nefario, service provided 8
Fred, service provided 2
River, service provided 3
Jayne, service provided 14
Barney, service provided 15
Dr. Nefario, service provided 17
Dr. Nefario, service provided 13
Fluffy, service provided 8
Barney, service provided 8
Mal, service provided 9
Barney, service provided 11
Barney, service provided 1
River, service provided 9
River, service provided 5
River, service provided 10
Mal, service provided 9
Fred, service provided 2
River, service provided 14
Dave, service provided 9
Dave, service provided 9
Kaylee, service provided 14
Dave, service provided 13
Kaylee, service provided 14
River, service provided 3
River, service provided 9
Barney, service provided 16
Fred, service provided 17
Dr. Nefario, service provided 16
Barney, service provided 9
Jayne, service provided 3
Barney, service provided 9
Mal, service provided 3
Fluffy, service provided 17
Kaylee, service provided 3
Jayne, service provided 9
Barney, service provided 13
Fred, service provided 16
Jayne, service provided 17
Barney, service provided 13
Kaylee, service provided 3
Fred, service provided 9
River, service provided 3
Mal, service provided 14
Fred, service provided 9
Dr. Nefario, service provided 15
Fluffy, service provided 8
Barney, service provided 9
River, service provided 14
Gru, service provided 8
Jayne, service provided 7
Barney, service provided 9
Fred, service provided 13
Barney, service provided 15
Dr. Nefario, service provided 16
Jayne, service provided 3
Dave, service provided 4
Jayne, service provided 14
Jayne, service provided 3
Jayne, service provided 3
Fluffy, service provided 17
Kaylee, service provided 3
Barney, service provided 13
Fred, service provided 9
River, service provided 7
Gru, service provided 17
Dr. Nefario, service provided 16
Kaylee, service provided 3
Fluffy, service provided 4
Kaylee, service provided 14
Fred, service provided 16
Kaylee, service provided 3
Mal, service provided 9
Jayne, service provided 3
Mal, service provided 9
River, service provided 14
Jayne, service provided 3
Fred, service provided 5
Fred, service provided 17
Gru, service provided 9
Fred, service provided 14
Jayne, service provided 9
Mal, service provided 15
Kaylee, service provided 9
Jayne, service provided 9
River, service provided 3
Jayne, service provided 9
Mal, service provided 3
Jayne, service provided 3
Barney, service provided 13
Kaylee, service provided 3
River, service provided 9
River, service provided 3
Kaylee, service provided 9
Barney, service provided 9
Dr. Nefario, service provided 3
Barney, service provided 9
Kaylee, service provided 7
Mal, service provided 9
Fred, service provided 16
Fluffy, service provided 17
Jayne, service provided 14
Barney, service provided 14
Mal, service provided 14
Gru, service provided 6
Barney, service provided 18
River, service provided 9
Dr. Nefario, service provided 15
Barney, service provided 9
Kaylee, service provided 14
Fluffy, service provided 9
River, service provided 3
River, service provided 3
Barney, service provided 15
Jayne, service provided 9
Fluffy, service provided 17
Fred, service provided 13
Dr. Nefario, service provided 9
Barney, service provided 12
Dave, service provided 9
Jayne, service provided 3
Dr. Nefario, service provided 17
Kaylee, service provided 3
Kaylee, service provided 7
Fluffy, service provided 7
Dr. Nefario, service provided 17
Barney, service provided 17
Dave, service provided 15
River, service provided 3
Fred, service provided 6
Barney, service provided 9
Kaylee, service provided 9
Kaylee, service provided 5
Fred, service provided 8
Mal, service provided 3
Fred, service provided 14
Kaylee, service provided 14
Barney, service provided 18
Gru, service provided 13
Barney, service provided 16
Jayne, service provided 14
Kaylee, service provided 14
Barney, service provided 17
Kaylee, service provided 9
River, service provided 10
Barney, service provided 9
Mal, service provided 3
Mal, service provided 9
Mal, service provided 9
Fluffy, service provided 9
Kaylee, service provided 8
Mal, service provided 14
Jayne, service provided 9
Mal, service provided 3
Fred, service provided 9
Fred, service provided 15
Fluffy, service provided 17
Barney, service provided 15
River, service provided 9
Barney, service provided 18
Kaylee, service provided 14
River, service provided 3
Barney, service provided 6
River, service provided 14
Mal, service provided 9
Kaylee, service provided 9
Dave, service provided 5
Fred, service provided 6
Dr. Nefario, service provided 9
River, service provided 18
Barney, service provided 9
Dr. Nefario, service provided 17
Jayne, service provided 14
Mal, service provided 3
River, service provided 9
Dave, service provided 11
Fred, service provided 9
Mal, service provided 9
Jayne, service provided 9
Dr. Nefario, service provided 16
Dr. Nefario, service provided 12
Barney, service provided 9
Kaylee, service provided 14
Barney, service provided 14
Dr. Nefario, service provided 9
Barney, service provided 2
Jayne, service provided 2
Mal, service provided 14
Fred, service provided 9
Fred, service provided 13
Fluffy, service provided 3
Fred, service provided 9
Barney, service provided 16
Fred, service provided 9
Kaylee, service provided 9
Barney, service provided 11
Dave, service provided 9
Mal, service provided 9
Mal, service provided 9
River, service provided 14
Fred, service provided 5
Mal, service provided 14
Fluffy, service provided 15
Dave, service provided 15
Fred, service provided 9
River, service provided 14
Fred, service provided 9
Jayne, service provided 3
Barney, service provided 16
Barney, service provided 9
Dr. Nefario, service provided 9
Mal, service provided 3
Fred, service provided 9
Barney, service provided 17
Dr. Nefario, service provided 9
Jayne, service provided 14
Kaylee, service provided 5
Dr. Nefario, service provided 15
Dave, service provided 8
Fred, service provided 9
Fred, service provided 13
Fred, service provided 16
Jayne, service provided 9
Barney, service provided 13
Mal, service provided 3
Mal, service provided 3
Fred, service provided 15
Mal, service provided 14
Jayne, service provided 10
Jayne, service provided 14
Barney, service provided 2
Kaylee, service provided 3
Jayne, service provided 14
River, service provided 9
Kaylee, service provided 5
River, service provided 14
Fred, service provided 12
Gru, service provided 17
Jayne, service provided 14
Kaylee, service provided 14
Barney, service provided 5
River, service provided 10
Jayne, service provided 14
Fluffy, service provided 9
Fred, service provided 9
Mal, service provided 11
Mal, service provided 9
Barney, service provided 8
Fred, service provided 13
River, service provided 14
Barney, service provided 13
Barney, service provided 9
Gru, service provided 8
Fred, service provided 18
Jayne, service provided 1
Jayne, service provided 3
River, service provided 9
Dave, service provided 16
Gru, service provided 17
Kaylee, service provided 15
Barney, service provided 14
River, service provided 3
Dr. Nefario, service provided 5
Dave, service provided 9
Kaylee, service provided 14
Fred, service provided 18
Barney, service provided 15
Jayne, service provided 3
Barney, service provided 12
Barney, service provided 17
Fred, service provided 9
Fred, service provided 17
Barney, service provided 1
Fred, service provided 16
Fred, service provided 9
Kaylee, service provided 3
Mal, service provided 3
Jayne, service provided 14
River, service provided 3
Barney, service provided 17
River, service provided 13
Gru, service provided 9
Mal, service provided 3
Gru, service provided 9
Fred, service provided 14
Barney, service provided 3
Barney, service provided 10
Dave, service provided 6
Fred, service provided 6
Dave, service provided 17
Barney, service provided 15
Jayne, service provided 14
Fred, service provided 9
River, service provided 3
River, service provided 9
Kaylee, service provided 9
Jayne, service provided 14
Mal, service provided 9
Gru, service provided 9
River, service provided 3
Jayne, service provided 3
Fred, service provided 11
Fred, service provided 8
Fred, service provided 16
Fred, service provided 10
Mal, service provided 9
Kaylee, service provided 9
Jayne, service provided 9
Kaylee, service provided 9
Mal, service provided 3
Mal, service provided 14
Jayne, service provided 15
River, service provided 14
Fred, service provided 2
Barney, service provided 9
Fluffy, service provided 8
Jayne, service provided 3
River, service provided 3
Mal, service provided 3
Kaylee, service provided 9
Barney, service provided 2
Barney, service provided 14
Dr. Nefario, service provided 9
Dr. Nefario, service provided 7
Fred, service provided 2
Fred, service provided 13
Barney, service provided 9
Gru, service provided 8
River, service provided 3
Barney, service provided 15
Barney, service provided 9
Barney, service provided 12
Dave, service provided 17
Fred, service provided 2
Jayne, service provided 14
Fred, service provided 6
Barney, service provided 13
Mal, service provided 14
Gru, service provided 17
Barney, service provided 7
River, service provided 8
Fred, service provided 16
Fred, service provided 3
Barney, service provided 9
Barney, service provided 16
Jayne, service provided 2
River, service provided 2
Fred, service provided 18
Jayne, service provided 11
River, service provided 15
Dr. Nefario, service provided 8
Fred, service provided 14
River, service provided 15
River, service provided 9
Jayne, service provided 9
Barney, service provided 16
Dave, service provided 17
River, service provided 3
Dave, service provided 3
Fred, service provided 9
Mal, service provided 3
Barney, service provided 17
Jayne, service provided 3
Barney, service provided 13
Jayne, service provided 14
River, service provided 14
River, service provided 3
Barney, service provided 9
Mal, service provided 3
Dave, service provided 9
Fluffy, service provided 16
Mal, service provided 9
Jayne, service provided 13
Fred, service provided 13
Dave, service provided 3
Kaylee, service provided 3
Jayne, service provided 17
Fluffy, service provided 6
River, service provided 9
Barney, service provided 13
Fluffy, service provided 17
Fred, service provided 13
River, service provided 14
Mal, service provided 9
Kaylee, service provided 9
Mal, service provided 3
Mal, service provided 3
Dave, service provided 13
Fred, service provided 18
River, service provided 14
Kaylee, service provided 3
Kaylee, service provided 14
Fred, service provided 18
Fred, service provided 4
Barney, service provided 18
Kaylee, service provided 9
River, service provided 8
Barney, service provided 13
Barney, service provided 16
Fred, service provided 15
Gru, service provided 6
Dave, service provided 18
Gru, service provided 7
Jayne, service provided 14
Gru, service provided 15
Jayne, service provided 8
River, service provided 14
Mal, service provided 9
Fred, service provided 9
Fred, service provided 13
Gru, service provided 12
Mal, service provided 14
Fluffy, service provided 8
Jayne, service provided 15
Barney, service provided 14
Fred, service provided 10
Jayne, service provided 14
River, service provided 3
Kaylee, service provided 17
Barney, service provided 16
River, service provided 10
River, service provided 3
Mal, service provided 3
Fluffy, service provided 9
Fred, service provided 9
Kaylee, service provided 9
Mal, service provided 9
Fred, service provided 9
Mal, service provided 14
River, service provided 14
Kaylee, service provided 14
Kaylee, service provided 9
Fred, service provided 12
Gru, service provided 5
Fred, service provided 9
Barney, service provided 2
Mal, service provided 9
Mal, service provided 14
Barney, service provided 2
Mal, service provided 2
Barney, service provided 15
Barney, service provided 9
River, service provided 14
Kaylee, service provided 3
Barney, service provided 18
Gru, service provided 9
Mal, service provided 14
Barney, service provided 18
River, service provided 9
Gru, service provided 15
Dave, service provided 16
Kaylee, service provided 14
Mal, service provided 14
River, service provided 9
Jayne, service provided 15
Kaylee, service provided 3
River, service provided 8
River, service provided 3
Jayne, service provided 5
Fred, service provided 17
Jayne, service provided 17
Fred, service provided 13
Gru, service provided 8
Mal, service provided 9
Fred, service provided 13
Mal, service provided 14
Kaylee, service provided 14
Gru, service provided 2
Jayne, service provided 3
Gru, service provided 17
Fred, service provided 17
River, service provided 14
Mal, service provided 14
Dr. Nefario, service provided 9
Jayne, service provided 3
Gru, service provided 17
Barney, service provided 11
Fred, service provided 5
Fred, service provided 2
Dr. Nefario, service provided 7
Barney, service provided 9
Jayne, service provided 9
Gru, service provided 3
Kaylee, service provided 14
Fred, service provided 6
Fluffy, service provided 17
Barney, service provided 9
Barney, service provided 2
Barney, service provided 6
Jayne, service provided 9
Kaylee, service provided 9
Jayne, service provided 3
Fluffy, service provided 15
Barney, service provided 18
River, service provided 9
Barney, service provided 16
Fred, service provided 13
Fluffy, service provided 12
Fred, service provided 2
River, service provided 9
Mal, service provided 14
Dr. Nefario, service provided 9
Jayne, service provided 9
Fluffy, service provided 17
Fred, service provided 2
Fred, service provided 13
Barney, service provided 17
Fluffy, service provided 7
Jayne, service provided 14
Barney, service provided 9
Dave, service provided 7
Fred, service provided 16
Fred, service provided 11
River, service provided 9
Barney, service provided 16
River, service provided 8
Dr. Nefario, service provided 9
River, service provided 14
Barney, service provided 9
Dave, service provided 9
Fred, service provided 12
Kaylee, service provided 9
Jayne, service provided 9
Barney, service provided 9
River, service provided 9
Kaylee, service provided 14
Mal, service provided 9
Fred, service provided 15
River, service provided 14
Kaylee, service provided 9
Fluffy, service provided 6
Dr. Nefario, service provided 17
Gru, service provided 6
Mal, service provided 9
Gru, service provided 6
River, service provided 3
Kaylee, service provided 17
River, service provided 8
Mal, service provided 3
Jayne, service provided 9
Mal, service provided 9
River, service provided 10
Gru, service provided 12
Dr. Nefario, service provided 8
Barney, service provided 17
Fred, service provided 9
Dr. Nefario, service provided 13
Fred, service provided 17
Barney, service provided 2
Fluffy, service provided 15
Barney, service provided 2
Kaylee, service provided 3
River, service provided 9
Barney, service provided 9
Barney, service provided 8
River, service provided 9
Gru, service provided 16
Mal, service provided 14
Fred, service provided 9
Kaylee, service provided 14
River, service provided 14
Kaylee, service provided 3
Kaylee, service provided 9
Fluffy, service provided 9
Jayne, service provided 2
River, service provided 9
Mal, service provided 3
Kaylee, service provided 9
Mal, service provided 3
Gru, service provided 17
Fred, service provided 16
Mal, service provided 9
Dave, service provided 12
Barney, service provided 5
Fluffy, service provided 8
River, service provided 9
River, service provided 14
Fred, service provided 9
Jayne, service provided 14
River, service provided 3
Barney, service provided 15
Fred, service provided 9
Dr. Nefario, service provided 15
Mal, service provided 14
River, service provided 3
Fluffy, service provided 13
Mal, service provided 9
River, service provided 3
Mal, service provided 3
Kaylee, service provided 3
River, service provided 9
Dave, service provided 9
Mal, service provided 7
Barney, service provided 16
Barney, service provided 9
Kaylee, service provided 10
Mal, service provided 14
Mal, service provided 8
River, service provided 9
Fred, service provided 16
Mal, service provided 14
Fred, service provided 6
Fred, service provided 10
Fluffy, service provided 15
Mal, service provided 9
Mal, service provided 3
Jayne, service provided 3
Barney, service provided 9
River, service provided 15
Fred, service provided 2
Fluffy, service provided 9
Barney, service provided 2
Jayne, service provided 9
Barney, service provided 9
Mal, service provided 15
Mal, service provided 3
Barney, service provided 9
Kaylee, service provided 14
Kaylee, service provided 9
River, service provided 3
Fred, service provided 6
Jayne, service provided 14
Fred, service provided 9
Kaylee, service provided 10
Barney, service provided 15
Fred, service provided 8
Barney, service provided 15
Fred, service provided 12
Kaylee, service provided 9
River, service provided 3
Mal, service provided 3
Kaylee, service provided 3
Jayne, service provided 9
Kaylee, service provided 14
Barney, service provided 17
Jayne, service provided 13
Mal, service provided 1
Gru, service provided 17
Kaylee, service provided 10
Dr. Nefario, service provided 17
River, service provided 14
Dave, service provided 7
Kaylee, service provided 3
Jayne, service provided 9
Fluffy, service provided 8
Dr. Nefario, service provided 13
Gru, service provided 16
River, service provided 9
Kaylee, service provided 3
Kaylee, service provided 9
Mal, service provided 14
Gru, service provided 2
Dr. Nefario, service provided 15
Kaylee, service provided 14
Kaylee, service provided 9
Jayne, service provided 3
River, service provided 3
Dr. Nefario, service provided 9
Fred, service provided 15
Fluffy, service provided 7
Barney, service provided 9
Fluffy, service provided 2
Barney, service provided 11
River, service provided 14
Barney, service provided 11
River, service provided 8
Fred, service provided 5
Mal, service provided 1
Dr. Nefario, service provided 17
Mal, service provided 3
Fred, service provided 13
Mal, service provided 9
Jayne, service provided 14
Barney, service provided 9
Dave, service provided 8
Barney, service provided 17
Mal, service provided 14
Kaylee, service provided 14
Jayne, service provided 9
Jayne, service provided 9
River, service provided 3
Mal, service provided 9
River, service provided 17
Barney, service provided 17
Barney, service provided 8
Dave, service provided 15
Jayne, service provided 10
Kaylee, service provided 9
Jayne, service provided 3
Dave, service provided 14
Jayne, service provided 9
River, service provided 9
Fred, service provided 11
Dr. Nefario, service provided 7
Kaylee, service provided 3
Fred, service provided 15
Barney, service provided 9
Mal, service provided 14
Jayne, service provided 5
Barney, service provided 8
Barney, service provided 12
Fluffy, service provided 17
River, service provided 14
Mal, service provided 14
Mal, service provided 14
Barney, service provided 9
Fluffy, service provided 8
Mal, service provided 13
Fred, service provided 9
Dave, service provided 4
River, service provided 9
Jayne, service provided 3
Dave, service provided 16
Fred, service provided 16
Dave, service provided 12
Jayne, service provided 9
Barney, service provided 16
Fred, service provided 9
Kaylee, service provided 15
Fred, service provided 9
River, service provided 16
River, service provided 9
Dr. Nefario, service provided 9
Mal, service provided 5
Fred, service provided 2
Dr. Nefario, service provided 17
Jayne, service provided 2
Dave, service provided 9
Barney, service provided 11
Dave, service provided 17
Fred, service provided 9
Fluffy, service provided 9
Dr. Nefario, service provided 17
Kaylee, service provided 9
Fred, service provided 9
Jayne, service provided 14
Mal, service provided 14
Dr. Nefario, service provided 15
River, service provided 14
Fred, service provided 9
Dave, service provided 15
Fred, service provided 9
Gru, service provided 7
Barney, service provided 9
Barney, service provided 9
Mal, service provided 9
Dr. Nefario, service provided 9
Fred, service provided 5
Mal, service provided 14
Kaylee, service provided 2
Fred, service provided 12
Mal, service provided 3
Fluffy, service provided 17
Jayne, service provided 3
Gru, service provided 17
Fred, service provided 18
Gru, service provided 7
Mal, service provided 14
Dave, service provided 12
Barney, service provided 9
River, service provided 3
Barney, service provided 9
Jayne, service provided 14
Jayne, service provided 3
Barney, service provided 9
Mal, service provided 14
Kaylee, service provided 13
Barney, service provided 9
Barney, service provided 11
Fred, service provided 14
Barney, service provided 9
Gru, service provided 13
Barney, service provided 16
Mal, service provided 9
Kaylee, service provided 5
Dr. Nefario, service provided 12
Fred, service provided 18
Kaylee, service provided 3
Fred, service provided 6
Barney, service provided 15
Mal, service provided 10
River, service provided 9
Kaylee, service provided 9
Fluffy, service provided 15
River, service provided 1
Jayne, service provided 14
Gru, service provided 12
Fred, service provided 14
Barney, service provided 6
River, service provided 3
Kaylee, service provided 9
Fluffy, service provided 1
Barney, service provided 9
Fred, service provided 9
Fluffy, service provided 17
Fluffy, service provided 8
Kaylee, service provided 9
Dr. Nefario, service provided 9
Dr. Nefario, service provided 12
River, service provided 17
Gru, service provided 17
River, service provided 3
Barney, service provided 14
Fred, service provided 16
Fred, service provided 13
Fred, service provided 9
Barney, service provided 9
Mal, service provided 7
Jayne, service provided 14
Fluffy, service provided 4
Barney, service provided 9
Fred, service provided 17
Dave, service provided 9
Barney, service provided 16
Mal, service provided 13
Mal, service provided 15
Fred, service provided 9
Jayne, service provided 14
Dr. Nefario, service provided 14
Fred, service provided 17
Gru, service provided 7
Barney, service provided 18
River, service provided 9
River, service provided 14
Mal, service provided 3
Kaylee, service provided 14
Fluffy, service provided 8
Kaylee, service provided 15
Fred, service provided 9
Barney, service provided 14
Fred, service provided 13
River, service provided 3
Barney, service provided 9
Fred, service provided 2
Jayne, service provided 14
Barney, service provided 15
Fred, service provided 3
Barney, service provided 14
Dr. Nefario, service provided 9
Barney, service provided 14
Dr. Nefario, service provided 5
Dr. Nefario, service provided 4
Jayne, service provided 3
Fred, service provided 9
Kaylee, service provided 14
Fred, service provided 8
Fluffy, service provided 15
Jayne, service provided 17
Barney, service provided 9
Barney, service provided 18
Jayne, service provided 9
River, service provided 3
Mal, service provided 10
River, service provided 14
Barney, service provided 13
Fred, service provided 2
Jayne, service provided 3
Jayne, service provided 3
Fred, service provided 1
Kaylee, service provided 3
Barney, service provided 9
River, service provided 9
River, service provided 9
Barney, service provided 13
Fred, service provided 9
River, service provided 9
Mal, service provided 14
Barney, service provided 9
Mal, service provided 9
Barney, service provided 9
Barney, service provided 2
River, service provided 3
Kaylee, service provided 3
Gru, service provided 9
Fred, service provided 2
Kaylee, service provided 9
Dr. Nefario, service provided 9
Barney, service provided 2
Jayne, service provided 13
Fred, service provided 5
Mal, service provided 14
Gru, service provided 9
Mal, service provided 14
Fred, service provided 16
Kaylee, service provided 9
Fred, service provided 9
Dave, service provided 13
Dr. Nefario, service provided 17
Fred, service provided 9
River, service provided 15
Mal, service provided 9
Dave, service provided 17
Barney, service provided 9
Barney, service provided 13
Barney, service provided 16
Dave, service provided 9
Fred, service provided 13
Fred, service provided 9
Fluffy, service provided 7
River, service provided 3
Mal, service provided 9
Dave, service provided 15
Fred, service provided 9
Fred, service provided 9
Mal, service provided 9
Mal, service provided 14
Barney, service provided 17
Mal, service provided 3
River, service provided 3
Gru, service provided 15
Dr. Nefario, service provided 7
Jayne, service provided 15
River, service provided 9
Jayne, service provided 1
Mal, service provided 3
Barney, service provided 18
Jayne, service provided 14
Gru, service provided 17
Gru, service provided 13
Fluffy, service provided 17
Kaylee, service provided 9
Gru, service provided 3
Dave, service provided 6
Barney, service provided 17
Kaylee, service provided 12
Mal, service provided 2
River, service provided 9
Fred, service provided 6
Kaylee, service provided 3
Barney, service provided 2
Barney, service provided 18
Mal, service provided 14
Fred, service provided 16
River, service provided 9
Mal, service provided 9
Fluffy, service provided 4
Fred, service provided 9
Fluffy, service provided 15
River, service provided 3
Fluffy, service provided 9
Barney, service provided 6
Jayne, service provided 3
River, service provided 9
Kaylee, service provided 9
Mal, service provided 3
Gru, service provided 8
Kaylee, service provided 8
Jayne, service provided 14
Kaylee, service provided 3
Mal, service provided 5
Dave, service provided 7
Mal, service provided 14
Kaylee, service provided 3
Fred, service provided 9
Barney, service provided 9
Mal, service provided 9
Barney, service provided 12
Barney, service provided 13
Mal, service provided 3
River, service provided 2
Jayne, service provided 14
Jayne, service provided 3
Mal, service provided 9
Fred, service provided 9
River, service provided 13
Jayne, service provided 3
River, service provided 3
Fred, service provided 17
Kaylee, service provided 3
Kaylee, service provided 9
River, service provided 9
Barney, service provided 14
Barney, service provided 17
Gru, service provided 12
Barney, service provided 15
Fred, service provided 9
Kaylee, service provided 13
Jayne, service provided 9
Jayne, service provided 13
River, service provided 14
Mal, service provided 3
Fred, service provided 9
Barney, service provided 9
Kaylee, service provided 14
Dr. Nefario, service provided 8
Kaylee, service provided 3
Mal, service provided 14
Kaylee, service provided 9
River, service provided 9
Mal, service provided 3
Dave, service provided 17
Fluffy, service provided 17
Fred, service provided 2
Kaylee, service provided 17
Jayne, service provided 3
Dr. Nefario, service provided 16
Jayne, service provided 3
River, service provided 3
Barney, service provided 5
Barney, service provided 9
Fred, service provided 16
Fred, service provided 13
Fred, service provided 17
Jayne, service provided 3
Kaylee, service provided 14
Mal, service provided 3
Mal, service provided 3
Fred, service provided 18
Barney, service provided 9
Jayne, service provided 14
Fluffy, service provided 12
Mal, service provided 14
Barney, service provided 8
Fluffy, service provided 17
Barney, service provided 9
Jayne, service provided 3
River, service provided 9
Gru, service provided 16
Kaylee, service provided 9
Dr. Nefario, service provided 5
Dave, service provided 9
Jayne, service provided 16
Jayne, service provided 9
Mal, service provided 4
Barney, service provided 17
River, service provided 14
Kaylee, service provided 3
Barney, service provided 17
Kaylee, service provided 2
Jayne, service provided 5
Kaylee, service provided 5
Gru, service provided 15
River, service provided 17
Mal, service provided 14
River, service provided 3
Kaylee, service provided 3
Barney, service provided 13
Mal, service provided 10
Fluffy, service provided 6
Dave, service provided 9
Barney, service provided 17
Barney, service provided 8
Barney, service provided 13
Dr. Nefario, service provided 7
Barney, service provided 2
Barney, service provided 15
Barney, service provided 9
Barney, service provided 14
Dr. Nefario, service provided 13
Fred, service provided 9
Gru, service provided 8
Jayne, service provided 3
Kaylee, service provided 14
Barney, service provided 14
Barney, service provided 12
River, service provided 9
Kaylee, service provided 14
Dave, service provided 15
Mal, service provided 9
Fred, service provided 13
Kaylee, service provided 9
Fred, service provided 16
River, service provided 9
Fred, service provided 3
Fred, service provided 9
Dave, service provided 6
Jayne, service provided 3
Barney, service provided 9
Kaylee, service provided 9
River, service provided 3
Mal, service provided 14
Fred, service provided 9
River, service provided 3
Jayne, service provided 13
Kaylee, service provided 8
Mal, service provided 14
Jayne, service provided 3
Kaylee, service provided 3
Jayne, service provided 13
Kaylee, service provided 14
Jayne, service provided 9
Barney, service provided 14
Jayne, service provided 3
River, service provided 9
Dr. Nefario, service provided 13
River, service provided 14
Dave, service provided 15
River, service provided 9
Jayne, service provided 14
Fred, service provided 9
Gru, service provided 13
Fred, service provided 6
Jayne, service provided 14
Fred, service provided 12
River, service provided 3
Barney, service provided 13
River, service provided 3
Barney, service provided 17
Mal, service provided 3
Gru, service provided 9
River, service provided 14
River, service provided 3
Dr. Nefario, service provided 17
Dr. Nefario, service provided 9
Barney, service provided 9
Kaylee, service provided 3
Jayne, service provided 3
Barney, service provided 17
River, service provided 5
River, service provided 14
Barney, service provided 9
Fred, service provided 14
Barney, service provided 9
Mal, service provided 14
Jayne, service provided 3
Barney, service provided 9
Fred, service provided 13
Dave, service provided 4
Kaylee, service provided 3
Dr. Nefario, service provided 12
Jayne, service provided 14
Jayne, service provided 14
Mal, service provided 14
River, service provided 15
River, service provided 3
Fluffy, service provided 9
Dave, service provided 15
Dave, service provided 12
Kaylee, service provided 13
Jayne, service provided 9
Jayne, service provided 14
Kaylee, service provided 15
Barney, service provided 6
Jayne, service provided 14
Mal, service provided 9
Dave, service provided 9
Fred, service provided 12
Barney, service provided 11
Fluffy, service provided 7
Fluffy, service provided 9
Dave, service provided 9
Kaylee, service provided 3
Fred, service provided 15
Fred, service provided 6
Barney, service provided 8
Dr. Nefario, service provided 13
Fred, service provided 9
Mal, service provided 14
Dr. Nefario, service provided 4
Barney, service provided 13
Kaylee, service provided 9
Barney, service provided 16
Kaylee, service provided 14
Gru, service provided 17
Jayne, service provided 9
Kaylee, service provided 14
Jayne, service provided 14
Gru, service provided 9
Fred, service provided 9
Kaylee, service provided 5
Jayne, service provided 3
Kaylee, service provided 3
Jayne, service provided 9
Gru, service provided 16
Dr. Nefario, service provided 16
Jayne, service provided 6
Jayne, service provided 3
Fred, service provided 5
River, service provided 3
Jayne, service provided 14
Gru, service provided 8
River, service provided 3
Jayne, service provided 9
Dr. Nefario, service provided 9
Mal, service provided 2
Dave, service provided 6
Jayne, service provided 8
Fred, service provided 13
Mal, service provided 14
Fred, service provided 14
Kaylee, service provided 17
River, service provided 9
Jayne, service provided 3
Dave, service provided 9
Fred, service provided 8
Fred, service provided 9
Mal, service provided 3
Barney, service provided 8
Mal, service provided 9
Fred, service provided 17
Barney, service provided 9
Fred, service provided 9
Fred, service provided 13
Barney, service provided 15
Barney, service provided 11
Kaylee, service provided 8
Fred, service provided 15
Fred, service provided 9
Fred, service provided 16
Mal, service provided 6
Dr. Nefario, service provided 9
Mal, service provided 14
Fred, service provided 14
Dave, service provided 8
Fred, service provided 9
Gru, service provided 9
Barney, service provided 12
Gru, service provided 13
Fluffy, service provided 17
Dave, service provided 9
Barney, service provided 14
Barney, service provided 13
Mal, service provided 17
Fred, service provided 9
Barney, service provided 9
Fred, service provided 9
Mal, service provided 14
Fred, service provided 3
Kaylee, service provided 3
Barney, service provided 15
Barney, service provided 2
Barney, service provided 3
Fred, service provided 12
Jayne, service provided 3
Gru, service provided 9
Fluffy, service provided 14
Fred, service provided 12
River, service provided 14
Jayne, service provided 14
Fred, service provided 13
Barney, service provided 9
Fred, service provided 9
Barney, service provided 9
Dr. Nefario, service provided 15
Mal, service provided 3
River, service provided 5
Barney, service provided 6
Barney, service provided 12
Gru, service provided 9
Gru, service provided 10
Kaylee, service provided 3
River, service provided 15
Fred, service provided 5
Jayne, service provided 14
Mal, service provided 3
River, service provided 14
Jayne, service provided 14
Barney, service provided 15
Fluffy, service provided 13
Dave, service provided 4
Kaylee, service provided 15
Kaylee, service provided 3
River, service provided 14
River, service provided 14
Fred, service provided 9
Barney, service provided 15
Fred, service provided 2
Mal, service provided 3
Barney, service provided 15
Jayne, service provided 10
Fred, service provided 17
River, service provided 14
Jayne, service provided 3
Fluffy, service provided 17
Jayne, service provided 3
Jayne, service provided 14
Fred, service provided 13
Kaylee, service provided 9
Barney, service provided 15
Kaylee, service provided 9
Barney, service provided 9
Fred, service provided 12
Dr. Nefario, service provided 2
River, service provided 9
Barney, service provided 18
Barney, service provided 9
Dave, service provided 5
Jayne, service provided 14
Mal, service provided 13
Kaylee, service provided 13
Barney, service provided 9
River, service provided 9
River, service provided 3
Barney, service provided 9
Kaylee, service provided 13
River, service provided 14
Gru, service provided 10
Fred, service provided 16
Gru, service provided 7
Mal, service provided 14
Gru, service provided 9
Kaylee, service provided 14
Kaylee, service provided 14
River, service provided 14
Dave, service provided 12
River, service provided 3
Fred, service provided 10
Barney, service provided 12
Fred, service provided 18
River, service provided 9
Barney, service provided 2
Jayne, service provided 7
Barney, service provided 15
Barney, service provided 13
Barney, service provided 17
Kaylee, service provided 14
Dave, service provided 14
Mal, service provided 13
Fred, service provided 15
Barney, service provided 5
Gru, service provided 13
Fred, service provided 12
Barney, service provided 15
Fred, service provided 14
Mal, service provided 13
Dr. Nefario, service provided 8
River, service provided 8
Barney, service provided 2
Barney, service provided 2
Mal, service provided 9
Dave, service provided 9
Kaylee, service provided 9
Kaylee, service provided 9
Jayne, service provided 9
River, service provided 17
Dr. Nefario, service provided 14
Dr. Nefario, service provided 9
Kaylee, service provided 14
River, service provided 10
River, service provided 14
River, service provided 10
Dave, service provided 8
Mal, service provided 3
Barney, service provided 15
Dave, service provided 17
River, service provided 3
Barney, service provided 17
River, service provided 9
Fred, service provided 13
Jayne, service provided 14
Mal, service provided 2
Barney, service provided 12
Dr. Nefario, service provided 17
Fred, service provided 12
Barney, service provided 17
Dr. Nefario, service provided 8
Gru, service provided 8
Fred, service provided 9
Mal, service provided 14
Mal, service provided 3
Kaylee, service provided 17
Fred, service provided 8
Mal, service provided 14
Kaylee, service provided 3
Jayne, service provided 14
River, service provided 3
Gru, service provided 17
Barney, service provided 9
Barney, service provided 12
Dr. Nefario, service provided 8
Jayne, service provided 9
Mal, service provided 3
Barney, service provided 17
Kaylee, service provided 9
Kaylee, service provided 3
Kaylee, service provided 9
Barney, service provided 14
Fred, service provided 17
Gru, service provided 6
Barney, service provided 15
Fred, service provided 16
Barney, service provided 9
Kaylee, service provided 14
Jayne, service provided 17
Barney, service provided 9
Barney, service provided 13
Kaylee, service provided 9
Fred, service provided 16
Kaylee, service provided 5
Kaylee, service provided 3
Barney, service provided 9
Mal, service provided 14
River, service provided 14
Kaylee, service provided 3
Dr. Nefario, service provided 10
Kaylee, service provided 9
Jayne, service provided 14
Mal, service provided 3
Dr. Nefario, service provided 8
Fred, service provided 6
Kaylee, service provided 14
Mal, service provided 14
Fred, service provided 2
Barney, service provided 2
Dave, service provided 9
Fred, service provided 16
Barney, service provided 15
Barney, service provided 2
Jayne, service provided 14
Dave, service provided 7
Kaylee, service provided 15
Mal, service provided 14
Barney, service provided 3
Dave, service provided 17
Fluffy, service provided 8
Barney, service provided 14
Mal, service provided 9
River, service provided 9
Fred, service provided 15
River, service provided 3
Fred, service provided 2
Dr. Nefario, service provided 10
River, service provided 14
Mal, service provided 3
Mal, service provided 10
Kaylee, service provided 14
Gru, service provided 16
Kaylee, service provided 3
Kaylee, service provided 9
River, service provided 9
Dave, service provided 8
Fred, service provided 8
River, service provided 10
Fred, service provided 13
Kaylee, service provided 3
Jayne, service provided 9
Dr. Nefario, service provided 9
Jayne, service provided 3
Mal, service provided 14
Mal, service provided 3
Dave, service provided 10
Fluffy, service provided 13
Fred, service provided 14
Fred, service provided 17
Kaylee, service provided 14
Barney, service provided 9
Kaylee, service provided 14
Fred, service provided 15
Fluffy, service provided 9
Jayne, service provided 14
Barney, service provided 9
Fred, service provided 13
Kaylee, service provided 14
River, service provided 3
Fluffy, service provided 3
River, service provided 14
Mal, service provided 9
Gru, service provided 17
Barney, service provided 8
Gru, service provided 17
Dr. Nefario, service provided 9
Mal, service provided 9
Mal, service provided 3
Jayne, service provided 9
Barney, service provided 12
Barney, service provided 8
Fred, service provided 2
Fred, service provided 9
Barney, service provided 8
River, service provided 9
Fred, service provided 16
Fred, service provided 1
River, service provided 9
Barney, service provided 9
Barney, service provided 14
Mal, service provided 3
Mal, service provided 9
Mal, service provided 10
Fred, service provided 12
Fred, service provided 15
Jayne, service provided 9
Mal, service provided 14
Dave, service provided 2
Kaylee, service provided 14
River, service provided 13
Barney, service provided 2
Jayne, service provided 14
Barney, service provided 9
Jayne, service provided 9
Barney, service provided 9
River, service provided 3
Barney, service provided 9
River, service provided 15
Mal, service provided 3
Gru, service provided 8
Barney, service provided 9
Jayne, service provided 3
Jayne, service provided 2
Fred, service provided 9
Kaylee, service provided 3
Dave, service provided 9
Gru, service provided 8
Jayne, service provided 9
Mal, service provided 3
Barney, service provided 9
Jayne, service provided 3
Fred, service provided 9
Dave, service provided 13
Mal, service provided 14
Kaylee, service provided 3
Fred, service provided 14
Mal, service provided 3
Barney, service provided 14
Kaylee, service provided 14
Gru, service provided 3
Fred, service provided 9
Barney, service provided 2
Kaylee, service provided 14
Barney, service provided 12
Jayne, service provided 9
Barney, service provided 13
Kaylee, service provided 5
Fluffy, service provided 15
Fluffy, service provided 5
Barney, service provided 17
Kaylee, service provided 3
Fred, service provided 9
Barney, service provided 15
Jayne, service provided 3
Kaylee, service provided 9
Barney, service provided 2
Dr. Nefario, service provided 9
Jayne, service provided 13
River, service provided 3
River, service provided 9
Mal, service provided 3
Kaylee, service provided 9
River, service provided 14
Jayne, service provided 16
Dr. Nefario, service provided 15
Fluffy, service provided 9
Fluffy, service provided 15
Dr. Nefario, service provided 10
Mal, service provided 14
Barney, service provided 3
Fred, service provided 8
Fred, service provided 16
Barney, service provided 9
Dave, service provided 16
Mal, service provided 9
Gru, service provided 7
Dr. Nefario, service provided 3
River, service provided 9
Fluffy, service provided 9
Mal, service provided 2
Fluffy, service provided 12
Mal, service provided 3
River, service provided 14
River, service provided 14
River, service provided 9
Mal, service provided 9
Gru, service provided 16
Jayne, service provided 3
Gru, service provided 17
River, service provided 17
Fred, service provided 2
Kaylee, service provided 3
River, service provided 3
Fluffy, service provided 16
Dave, service provided 16
Fred, service provided 16
Fred, service provided 5
Mal, service provided 9
Mal, service provided 14
Barney, service provided 9
Gru, service provided 4
River, service provided 14
Mal, service provided 14
Barney, service provided 16
Fred, service provided 10
Kaylee, service provided 3
Jayne, service provided 14
Dr. Nefario, service provided 15
Barney, service provided 6
Fred, service provided 2
River, service provided 10
River, service provided 13
Dave, service provided 3
Fluffy, service provided 12
Fred, service provided 2
Gru, service provided 7
Barney, service provided 13
River, service provided 9
Jayne, service provided 3
Fluffy, service provided 9
Kaylee, service provided 2
River, service provided 14
Fred, service provided 13
Fred, service provided 2
Dave, service provided 8
Jayne, service provided 17
Mal, service provided 14
Dave, service provided 10
Barney, service provided 12
Fred, service provided 16
Fluffy, service provided 17
Kaylee, service provided 10
Barney, service provided 9
Gru, service provided 17
Fred, service provided 5
River, service provided 9
Barney, service provided 9
Fluffy, service provided 10
Kaylee, service provided 9
Gru, service provided 16
Fluffy, service provided 12
Fred, service provided 9
Fred, service provided 9
Jayne, service provided 9
Fred, service provided 9
Dave, service provided 7
River, service provided 9
Barney, service provided 12
Gru, service provided 12
Jayne, service provided 14
Kaylee, service provided 3
River, service provided 3
River, service provided 14
Jayne, service provided 9
Jayne, service provided 3
Mal, service provided 9
Dr. Nefario, service provided 17
Barney, service provided 18
River, service provided 14
Barney, service provided 9
Fred, service provided 17
Gru, service provided 15
Gru, service provided 9
Fred, service provided 9
Gru, service provided 8
Kaylee, service provided 15
Mal, service provided 14
Mal, service provided 14
Fred, service provided 14
Fluffy, service provided 17
Fred, service provided 16
Fred, service provided 17
Jayne, service provided 3
Barney, service provided 9
Gru, service provided 5
Jayne, service provided 3
Jayne, service provided 9
Gru, service provided 8
Mal, service provided 14
Dave, service provided 12
Mal, service provided 9
Fred, service provided 9
Dave, service provided 8
Mal, service provided 3
Mal, service provided 9
Mal, service provided 9
Jayne, service provided 2
River, service provided 9
Jayne, service provided 14
Fred, service provided 9
River, service provided 14
Kaylee, service provided 9
Fluffy, service provided 11
Kaylee, service provided 3
Fred, service provided 8
River, service provided 14
Jayne, service provided 3
Dr. Nefario, service provided 9
Mal, service provided 3
Kaylee, service provided 14
Dr. Nefario, service provided 17
River, service provided 3
Barney, service provided 13
Mal, service provided 18
Mal, service provided 9
River, service provided 13
Fred, service provided 13
Fred, service provided 9
Fred, service provided 9
Fred, service provided 3
Kaylee, service provided 14
Barney, service provided 15
Fred, service provided 6
Fred, service provided 2
Jayne, service provided 14
River, service provided 3
Fred, service provided 1
Dave, service provided 12
Fred, service provided 18
Dr. Nefario, service provided 17
Gru, service provided 9
Mal, service provided 14
Kaylee, service provided 3
Dr. Nefario, service provided 16
Barney, service provided 9
Gru, service provided 17
Gru, service provided 17
Dave, service provided 16
Kaylee, service provided 5
Jayne, service provided 9
Gru, service provided 10
River, service provided 14
River, service provided 2
Mal, service provided 3
Fred, service provided 8
Barney, service provided 15
Kaylee, service provided 14
Dave, service provided 8
Kaylee, service provided 10
Dave, service provided 9
Barney, service provided 12
Gru, service provided 4
Mal, service provided 9
Kaylee, service provided 13
Jayne, service provided 3
Jayne, service provided 7
Barney, service provided 16
Dr. Nefario, service provided 13
Kaylee, service provided 15
Fluffy, service provided 17
Mal, service provided 3
Barney, service provided 11
Mal, service provided 14
Fred, service provided 12
Fred, service provided 15
River, service provided 9
Mal, service provided 14
Kaylee, service provided 14
Barney, service provided 2
River, service provided 7
Jayne, service provided 9
River, service provided 3
Dave, service provided 17
Gru, service provided 8
Barney, service provided 9
Jayne, service provided 3
Mal, service provided 14
Kaylee, service provided 14
Dr. Nefario, service provided 13
Barney, service provided 12
River, service provided 9
River, service provided 14
River, service provided 17
Kaylee, service provided 14
Fred, service provided 9
River, service provided 3
Dr. Nefario, service provided 10
Fred, service provided 9
Mal, service provided 17
Mal, service provided 9
Kaylee, service provided 9
Kaylee, service provided 3
Mal, service provided 14
River, service provided 15
River, service provided 2
Barney, service provided 13
River, service provided 14
Kaylee, service provided 3
Fred, service provided 2
Gru, service provided 15
Fluffy, service provided 16
Kaylee, service provided 10
Mal, service provided 14
Fred, service provided 16
Kaylee, service provided 14
Jayne, service provided 3
River, service provided 14
Mal, service provided 3
Barney, service provided 9
Dr. Nefario, service provided 7
Jayne, service provided 9
Fluffy, service provided 6
Mal, service provided 9
River, service provided 9
River, service provided 3
Mal, service provided 9
Fred, service provided 16
Fred, service provided 15
Fred, service provided 9
Mal, service provided 9
River, service provided 14
Barney, service provided 9
Fred, service provided 2
Dr. Nefario, service provided 4
River, service provided 14
Fred, service provided 9
Fred, service provided 16
Mal, service provided 14
Dave, service provided 13
Jayne, service provided 9
Mal, service provided 14
Mal, service provided 2
Dave, service provided 9
Jayne, service provided 13
Jayne, service provided 9
Jayne, service provided 14
Barney, service provided 15
Kaylee, service provided 14
Mal, service provided 14
Mal, service provided 12
Fred, service provided 8
Dave, service provided 16
Kaylee, service provided 9
Kaylee, service provided 3
River, service provided 9
River, service provided 9
Barney, service provided 9
River, service provided 9
Fred, service provided 9
Barney, service provided 9
Dave, service provided 9
Barney, service provided 17
Barney, service provided 14
Barney, service provided 8
Mal, service provided 14
Barney, service provided 9
Fred, service provided 9
Kaylee, service provided 14
Kaylee, service provided 3
Fred, service provided 8
Kaylee, service provided 3
Jayne, service provided 3
Fluffy, service provided 15
Kaylee, service provided 9
Mal, service provided 9
Fred, service provided 9
River, service provided 3
Dave, service provided 15
Fred, service provided 17
Jayne, service provided 9
Mal, service provided 14
River, service provided 9
Fred, service provided 18
Barney, service provided 9
Barney, service provided 14
Mal, service provided 9
Mal, service provided 5
Fluffy, service provided 12
Mal, service provided 3
Barney, service provided 11
Kaylee, service provided 3
Barney, service provided 16
River, service provided 14
Gru, service provided 15
Fred, service provided 16
River, service provided 9
Kaylee, service provided 14
Gru, service provided 10
Fluffy, service provided 9
Kaylee, service provided 3
Kaylee, service provided 17
Fluffy, service provided 5
Fred, service provided 5
Fred, service provided 6
Gru, service provided 17
Kaylee, service provided 3
Barney, service provided 17
Kaylee, service provided 7
Jayne, service provided 14
Fluffy, service provided 9
Fred, service provided 17
River, service provided 9
Fred, service provided 18
River, service provided 9
Dave, service provided 16
Dr. Nefario, service provided 7
Jayne, service provided 14
Fluffy, service provided 8
Mal, service provided 14
Barney, service provided 16
Gru, service provided 15
Dr. Nefario, service provided 7
Kaylee, service provided 10
Jayne, service provided 15
Barney, service provided 17
River, service provided 5
Kaylee, service provided 3
Fred, service provided 14
Kaylee, service provided 9
Fred, service provided 18
Barney, service provided 5
Fred, service provided 13
Jayne, service provided 3
Barney, service provided 6
Kaylee, service provided 9
River, service provided 3
River, service provided 3
Kaylee, service provided 3
Fred, service provided 15
Kaylee, service provided 14
Barney, service provided 2
Jayne, service provided 9
Dave, service provided 17
Barney, service provided 6
Gru, service provided 15
Barney, service provided 14
River, service provided 3
Mal, service provided 3
Fluffy, service provided 15
Mal, service provided 14
Mal, service provided 3